sub1,sub2,labbe
99,89,0.4227176607414266
99,6,0.4826799521549103
99,36,0.4264408409372502
99,31,0.458229994049886
89,6,0.4695401050172055
89,36,0.3385222752078401
89,31,0.4008461249339303
6,36,0.4609028143432923
6,31,0.45854272181197686
36,31,0.358734895994249
